{"index.css":"/* css */","map-data/penisular-marker.json":"\r\n{\r\n    \"marker\" : [\r\n        {\r\n            \"latitude\": 22.403410892712124,\r\n            \"longitude\": -97.8717041015625\r\n        },\r\n        {\r\n            \"latitude\": 29.756032197482973,\r\n            \"longitude\": -95.36270141601562\r\n        },\r\n        {\r\n            \"latitude\": 30.180747605060766,\r\n            \"longitude\": -85.81283569335938\r\n        },\r\n        {\r\n            \"latitude\": 27.9337540167772,\r\n            \"longitude\": -82.49908447265625\r\n        },\r\n        {\r\n            \"latitude\": 21.282336521195344,\r\n            \"longitude\": -89.6649169921875\r\n        }\r\n    ]\r\n}","map-data/penisular-location.json":"\r\n\r\n{\r\n    \"location\" : [\r\n    {\r\n        \"visible\": true,\r\n        \"latitude\": [22.403410892712124, 29.756032197482973],\r\n        \"longitude\": [-97.8717041015625, -95.36270141601562],\r\n        \"angle\": 0,\r\n        \"dashArray\": 1,\r\n        \"color\": \"white\"\r\n    },\r\n    {\r\n        \"visible\": true,\r\n        \"angle\": 0,\r\n        \"color\": \"white\",\r\n        \"dashArray\": 1,\r\n        \"latitude\": [22.403410892712124, 30.180747605060766 ],\r\n        \"longitude\": [-97.8717041015625, -85.81283569335938]\r\n    },\r\n    {\r\n        \"dashArray\": 1,\r\n        \"visible\": true,\r\n        \"angle\": 0,\r\n        \"color\": \"white\",\r\n        \"latitude\": [22.403410892712124, 27.9337540167772],\r\n        \"longitude\": [-97.8717041015625, -82.49908447265625]\r\n    },\r\n    {\r\n        \"dashArray\": 1,\r\n        \"visible\": true,\r\n        \"angle\": 0,\r\n        \"color\": \"white\",\r\n        \"latitude\": [22.403410892712124, 21.282336521195344],\r\n        \"longitude\": [-97.8717041015625, -89.6649169921875]\r\n    },\r\n    {\r\n        \"dashArray\": 1,\r\n        \"visible\": true,\r\n        \"angle\": 0,\r\n        \"color\": \"white\",\r\n        \"latitude\": [29.756032197482973, 21.282336521195344],\r\n        \"longitude\": [-95.36270141601562, -89.6649169921875]\r\n    },\r\n    {\r\n        \"dashArray\": 1,\r\n        \"visible\": true,\r\n        \"angle\": 0,\r\n        \"color\": \"white\",\r\n        \"latitude\": [30.180747605060766, 21.282336521195344],\r\n        \"longitude\": [-85.81283569335938, -89.6649169921875]\r\n    },\r\n    {\r\n        \"dashArray\": 1,\r\n        \"visible\": true,\r\n        \"angle\": 0,\r\n        \"color\": \"white\",\r\n        \"latitude\": [27.9337540167772, 21.282336521195344],\r\n        \"longitude\": [-82.49908447265625, -89.6649169921875]\r\n    }\r\n  ]\r\n}","index.html":"<!DOCTYPE html>\r\n<html>\r\n<head>\r\n    <title>Syncfusion React Sample</title>\r\n    <meta charset=\"utf-8\" />\r\n    <meta name=\"viewport\" content=\"width=device-width, initial-scale=1.0, user-scalable=no\" />\r\n    <meta http-equiv=\"x-ua-compatible\" content=\"ie=edge\">\r\n    <meta name=\"description\" content=\"Syncfusion React UI Components\" />\r\n    <meta name=\"author\" content=\"Syncfusion\" />\r\n    <link href=\"////npmci.syncfusion.com/packages/development/{{theme}}.css\" rel=\"stylesheet\">\r\n    <link href=\"https://maxcdn.bootstrapcdn.com/bootstrap/3.3.7/css/bootstrap.min.css\" rel=\"stylesheet\" />\r\n</head>\r\n\r\n<body class=\"{{theme}}\">\r\n    <div id='sample'>\r\n</body>\r\n</html>\r\n","index.js":"import { render } from 'react-dom';\nimport './index.css';\n/**\r\n * Projection sample\r\n */\r\nimport * as React from \"react\";\r\nimport { MapAjax } from '@syncfusion/ej2-maps';\r\nimport { MapsComponent, Inject, LayersDirective, LayerDirective, Marker, MapsTooltip, MarkersDirective, MarkerDirective, NavigationLine, Zoom } from '@syncfusion/ej2-react-maps';\r\nimport { SampleBase } from './sample-base';\r\nimport * as data1 from './map-data/penisular-marker.json';\r\nimport * as data2 from './map-data/penisular-location.json';\r\nlet datasource1 = data1;\r\nlet datasource2 = data2;\r\nconst SAMPLE_CSS = `\r\n    .control-fluid {\r\n\t\tpadding: 0px !important;\r\n    }\r\n    #maps_layerIndex_0_line_Group{\r\n        stroke-dasharray: 10px 10px;\r\n        stroke-linejoin: round; stroke-linecap: round;\r\n        -webkit-animation: dash 15s linear infinite;\r\n        animation: dash 15s linear infinite;\r\n    }\r\n    @-webkit-keyframes dash {\r\n        100% {\r\n            stroke-dashoffset: -20px;\r\n        }\r\n    }\r\n\r\n    @keyframes dash {\r\n        100% {\r\n            stroke-dashoffset: -20px;\r\n        }\r\n    }`;\r\nexport class NavigationLineMaps extends SampleBase {\r\n    render() {\r\n        return (<div className='control-pane'>\r\n                <style>\r\n                    {SAMPLE_CSS}\r\n                </style>\r\n                <div className='control-section row'>\r\n                    <div className='col-md-12'>\r\n                        <MapsComponent id=\"maps\" loaded={this.onMapsLoad.bind(this)} load={this.load} ref={m => this.mapInstance = m} zoomSettings={{\r\n            enable: false,\r\n            zoomFactor: 10\r\n        }} projectionType='Equirectangular' titleSettings={{\r\n            text: 'Shipping sea route between various cities',\r\n            textStyle: {\r\n                size: '18px'\r\n            }\r\n        }} mapsArea={{\r\n            background: '#4863A0'\r\n        }} centerPosition={{\r\n            latitude: 25.54244147012483,\r\n            longitude: -89.62646484375\r\n        }}>\r\n                            <Inject services={[Zoom, Marker, MapsTooltip, NavigationLine]}/>\r\n                            <LayersDirective>\r\n                                <LayerDirective shapeData={new MapAjax('////npmci.syncfusion.com/development/react/demos/src/maps/map-data/world-map.json')} shapeSettings={{\r\n            fill: '#789071'\r\n        }} navigationLineSettings={datasource2.location}>\r\n                                <MarkersDirective>\r\n                                    <MarkerDirective visible={true} shape='Circle' fill='white' width={10} height={10} animationDuration={0} tooltipSettings={{\r\n            visible: true,\r\n            valuePath: 'title'\r\n        }} dataSource={datasource1.marker}>\r\n                                    </MarkerDirective>\r\n                                    <MarkerDirective visible={true} template='<div id=\"marker1\" style=\"font-size: 12px;color:white\">ALTAMIRA</div>' dataSource={[{ latitude: 22.403410892712124, longitude: -100.0 }]} animationDuration={0}>\r\n                                        </MarkerDirective>\r\n                                        <MarkerDirective visible={true} template='<div id=\"marker2\" style=\"font-size: 12px;color:white\">HOUSTON</div>' dataSource={[{ latitude: 30.332197482973, longitude: -95.36270141601562 }]} animationDuration={0}>\r\n                                              </MarkerDirective>\r\n                                              <MarkerDirective visible={true} template='<div id=\"marker3\" style=\"font-size: 12px;color:white\">PANAMA CITY</div>' dataSource={[{ latitude: 30.380747605060766, longitude: -85.81283569335938 }]} animationDuration={0}>\r\n                                                  </MarkerDirective>\r\n                                                  <MarkerDirective visible={true} template='<div id=\"marker4\" style=\"font-size: 12px;color:white\">TAMPA</div>' dataSource={[{ latitude: 27.9337540167772, longitude: -81.15908447265625 }]} animationDuration={0}>\r\n                                                       </MarkerDirective>\r\n                                                       <MarkerDirective visible={true} template='<div id=\"marker5\" style=\"font-size: 12px;color:white\">PROGRESO</div>' dataSource={[{ latitude: 20.62336521195344, longitude: -89.6649169921875 }]} animationDuration={0}>\r\n                                                       